{"init_keypoint_positions": [[359.149451180911, -258.776982905615, 469.8490665072813], [417.65876866156526, 49.52067278897433, 83.60009316016836], [414.5850877583914, 31.818812463668625, 67.59171317443604], [429.3313650088895, 60.84348354613785, 78.53297881023916], [426.72141420550486, 47.880397924898716, 77.89552538488762], [369.2196042211843, -90.53118436311831, 55.17285722124148], [395.30753441453146, -62.617983122274474, 96.64287169471974], [353.16401001382366, -155.03208266932975, 55.29372471991887], [468.99260039320046, -136.1055722151669, 63.353161171231406]], "num_keypoints": 9, "num_stages": 2, "grasp_keypoints": [0, -1], "release_keypoints": [-1, 0]}